{
    "biobiochile": {
        "total_urls_procesadas": 1173,
        "scrape_exitosos": 1163,
        "scrape_fallidos": 10,
        "porcentaje_exito": 99.15,
        "duracion_segundos": 115.0,
        "noticias_por_minuto": 606.783,
        "tiempo_promedio_scrape": 0.702,
        "publicaciones_por_fecha": {
            "Domingo 01 diciembre de 2024": 1,
            "Domingo 02 noviembre de 2025": 1,
            "Domingo 03 agosto de 2025": 1,
            "Domingo 04 mayo de 2025": 1,
            "Domingo 05 octubre de 2025": 1,
            "Domingo 07 Diciembre, 2025": 1,
            "Domingo 07 diciembre de 2025": 68,
            "Domingo 08 diciembre de 2024": 1,
            "Domingo 09 noviembre de 2025": 4,
            "Domingo 12 octubre de 2025": 1,
            "Domingo 13 abril de 2025": 1,
            "Domingo 15 junio de 2025": 1,
            "Domingo 16 marzo de 2025": 1,
            "Domingo 16 noviembre de 2025": 6,
            "Domingo 19 octubre de 2025": 3,
            "Domingo 21 septiembre de 2025": 2,
            "Domingo 23 noviembre de 2025": 5,
            "Domingo 24 agosto de 2025": 1,
            "Domingo 30 noviembre de 2025": 18,
            "Domingo 31 agosto de 2025": 1,
            "Jueves 02 octubre de 2025": 2,
            "Jueves 03 abril de 2025": 2,
            "Jueves 04 diciembre de 2025": 101,
            "Jueves 04 septiembre de 2025": 1,
            "Jueves 05 junio de 2025": 4,
            "Jueves 06 noviembre de 2025": 8,
            "Jueves 07 agosto de 2025": 4,
            "Jueves 07 marzo de 2024": 1,
            "Jueves 08 mayo de 2025": 1,
            "Jueves 09 octubre de 2025": 1,
            "Jueves 11 septiembre de 2025": 2,
            "Jueves 12 junio de 2025": 1,
            "Jueves 13 marzo de 2025": 1,
            "Jueves 13 noviembre de 2025": 17,
            "Jueves 16 octubre de 2025": 2,
            "Jueves 20 febrero de 2025": 2,
            "Jueves 20 noviembre de 2025": 11,
            "Jueves 21 agosto de 2025": 1,
            "Jueves 23 octubre de 2025": 7,
            "Jueves 24 abril de 2025": 2,
            "Jueves 24 julio de 2025": 3,
            "Jueves 25 septiembre de 2025": 2,
            "Jueves 26 junio de 2025": 3,
            "Jueves 27 noviembre de 2025": 25,
            "Jueves 28 agosto de 2025": 1,
            "Jueves 29 mayo de 2025": 1,
            "Jueves 30 octubre de 2025": 10,
            "Lunes 01 diciembre de 2025": 33,
            "Lunes 02 junio de 2025": 3,
            "Lunes 03 marzo de 2025": 2,
            "Lunes 03 noviembre de 2025": 4,
            "Lunes 05 mayo de 2025": 1,
            "Lunes 06 octubre de 2025": 5,
            "Lunes 07 abril de 2025": 1,
            "Lunes 07 julio de 2025": 2,
            "Lunes 08 Diciembre, 2025": 1,
            "Lunes 08 diciembre de 2025": 43,
            "Lunes 08 septiembre de 2025": 4,
            "Lunes 09 junio de 2025": 1,
            "Lunes 10 noviembre de 2025": 4,
            "Lunes 11 agosto de 2025": 1,
            "Lunes 11 marzo de 2024": 1,
            "Lunes 13 octubre de 2025": 5,
            "Lunes 14 octubre de 2024": 1,
            "Lunes 15 septiembre de 2025": 3,
            "Lunes 17 febrero de 2025": 3,
            "Lunes 17 marzo de 2025": 1,
            "Lunes 17 noviembre de 2025": 5,
            "Lunes 18 agosto de 2025": 2,
            "Lunes 19 mayo de 2025": 2,
            "Lunes 20 octubre de 2025": 9,
            "Lunes 21 julio de 2025": 2,
            "Lunes 22 septiembre de 2025": 1,
            "Lunes 24 noviembre de 2025": 18,
            "Lunes 25 agosto de 2025": 1,
            "Lunes 26 mayo de 2025": 2,
            "Lunes 27 enero de 2025": 1,
            "Lunes 27 octubre de 2025": 4,
            "Lunes 28 julio de 2025": 4,
            "Lunes 29 septiembre de 2025": 6,
            "Martes 01 abril de 2025": 2,
            "Martes 01 julio de 2025": 1,
            "Martes 02 diciembre de 2025": 56,
            "Martes 02 septiembre de 2025": 1,
            "Martes 03 junio de 2025": 1,
            "Martes 04 marzo de 2025": 1,
            "Martes 04 noviembre de 2025": 8,
            "Martes 05 agosto de 2025": 3,
            "Martes 07 enero de 2025": 1,
            "Martes 07 octubre de 2025": 1,
            "Martes 08 julio de 2025": 2,
            "Martes 09 septiembre de 2025": 4,
            "Martes 10 junio de 2025": 2,
            "Martes 11 marzo de 2025": 1,
            "Martes 11 noviembre de 2025": 6,
            "Martes 13 mayo de 2025": 1,
            "Martes 14 octubre de 2025": 4,
            "Martes 15 julio de 2025": 1,
            "Martes 16 septiembre de 2025": 2,
            "Martes 17 junio de 2025": 1,
            "Martes 18 febrero de 2025": 1,
            "Martes 18 noviembre de 2025": 15,
            "Martes 21 octubre de 2025": 6,
            "Martes 23 septiembre de 2025": 4,
            "Martes 24 junio de 2025": 2,
            "Martes 25 febrero de 2025": 1,
            "Martes 25 marzo de 2025": 1,
            "Martes 25 noviembre de 2025": 23,
            "Martes 26 agosto de 2025": 3,
            "Martes 28 octubre de 2025": 9,
            "Martes 29 julio de 2025": 1,
            "Miércoles 01 octubre de 2025": 1,
            "Miércoles 03 diciembre de 2025": 78,
            "Miércoles 03 septiembre de 2025": 2,
            "Miércoles 04 junio de 2025": 1,
            "Miércoles 05 noviembre de 2025": 5,
            "Miércoles 08 octubre de 2025": 5,
            "Miércoles 10 septiembre de 2025": 1,
            "Miércoles 12 junio de 2024": 1,
            "Miércoles 12 noviembre de 2025": 9,
            "Miércoles 13 agosto de 2025": 2,
            "Miércoles 13 noviembre de 2024": 1,
            "Miércoles 15 octubre de 2025": 6,
            "Miércoles 16 abril de 2025": 4,
            "Miércoles 17 septiembre de 2025": 2,
            "Miércoles 18 junio de 2025": 4,
            "Miércoles 19 marzo de 2025": 1,
            "Miércoles 19 noviembre de 2025": 17,
            "Miércoles 20 agosto de 2025": 1,
            "Miércoles 22 octubre de 2025": 3,
            "Miércoles 23 abril de 2025": 1,
            "Miércoles 23 julio de 2025": 2,
            "Miércoles 24 septiembre de 2025": 2,
            "Miércoles 26 noviembre de 2025": 31,
            "Miércoles 27 agosto de 2025": 2,
            "Miércoles 29 octubre de 2025": 8,
            "Miércoles 30 julio de 2025": 1,
            "Sábado 01 noviembre de 2025": 1,
            "Sábado 02 agosto de 2025": 1,
            "Sábado 03 mayo de 2025": 1,
            "Sábado 05 julio de 2025": 1,
            "Sábado 06 diciembre de 2025": 49,
            "Sábado 06 septiembre de 2025": 1,
            "Sábado 08 junio de 2024": 1,
            "Sábado 08 noviembre de 2025": 1,
            "Sábado 11 octubre de 2025": 1,
            "Sábado 12 octubre de 2024": 1,
            "Sábado 15 febrero de 2025": 1,
            "Sábado 17 agosto de 2024": 2,
            "Sábado 19 julio de 2025": 1,
            "Sábado 20 abril de 2024": 1,
            "Sábado 22 febrero de 2025": 1,
            "Sábado 22 noviembre de 2025": 3,
            "Sábado 25 octubre de 2025": 2,
            "Sábado 26 abril de 2025": 1,
            "Sábado 27 septiembre de 2025": 1,
            "Sábado 28 junio de 2025": 1,
            "Sábado 29 noviembre de 2025": 12,
            "Viernes 03 octubre de 2025": 1,
            "Viernes 04 abril de 2025": 1,
            "Viernes 04 julio de 2025": 1,
            "Viernes 05 diciembre de 2025": 125,
            "Viernes 06 junio de 2025": 1,
            "Viernes 07 noviembre de 2025": 3,
            "Viernes 08 agosto de 2025": 2,
            "Viernes 10 octubre de 2025": 5,
            "Viernes 11 abril de 2025": 1,
            "Viernes 12 septiembre de 2025": 1,
            "Viernes 13 junio de 2025": 1,
            "Viernes 14 Noviembre, 2025": 1,
            "Viernes 14 noviembre de 2025": 15,
            "Viernes 15 agosto de 2025": 1,
            "Viernes 16 mayo de 2025": 1,
            "Viernes 17 octubre de 2025": 4,
            "Viernes 18 julio de 2025": 1,
            "Viernes 21 febrero de 2025": 2,
            "Viernes 21 junio de 2024": 1,
            "Viernes 21 noviembre de 2025": 15,
            "Viernes 22 agosto de 2025": 1,
            "Viernes 24 enero de 2025": 1,
            "Viernes 24 octubre de 2025": 5,
            "Viernes 25 abril de 2025": 1,
            "Viernes 27 junio de 2025": 1,
            "Viernes 28 noviembre de 2025": 18,
            "Viernes 31 mayo de 2024": 2
        }
    }
}